202,tableJmtest1,22-3-2022 05:58:07,category
202,tableJmtest1,22-3-2022 05:58:07,is_available
202,tableJmtest1,22-3-2022 05:58:07,price
202,tableJmtest1,22-3-2022 05:58:07,product_name
202,tableJmtest1,22-3-2022 05:58:07,vendor_id
202,tableJmtest2,22-3-2022 05:58:08,category
202,tableJmtest2,22-3-2022 05:58:08,is_available
202,tableJmtest2,22-3-2022 05:58:08,product_name
202,tableJmtest2,22-3-2022 05:58:08,title
202,tableJmtest2,22-3-2022 05:58:08,vendor_id
202,tableJmtest3,22-3-2022 05:58:09,category
202,tableJmtest3,22-3-2022 05:58:09,is_available
202,tableJmtest3,22-3-2022 05:58:09,price
202,tableJmtest3,22-3-2022 05:58:09,title
202,tableJmtest3,22-3-2022 05:58:09,vendor_id
202,tableJmtest5,22-3-2022 05:58:11,category
202,tableJmtest5,22-3-2022 05:58:11,is_available
202,tableJmtest5,22-3-2022 05:58:11,price
202,tableJmtest5,22-3-2022 05:58:12,product_name
202,tableJmtest5,22-3-2022 05:58:12,title
202,tableJmtest1,22-3-2022 06:00:16,category
202,tableJmtest1,22-3-2022 06:00:16,is_available
202,tableJmtest1,22-3-2022 06:00:16,price
202,tableJmtest1,22-3-2022 06:00:16,product_name
202,tableJmtest1,22-3-2022 06:00:16,vendor_id
202,tableJmtest2,22-3-2022 06:00:17,category
202,tableJmtest2,22-3-2022 06:00:17,is_available
202,tableJmtest2,22-3-2022 06:00:17,product_name
202,tableJmtest2,22-3-2022 06:00:17,title
202,tableJmtest2,22-3-2022 06:00:17,vendor_id
202,tableJmtest3,22-3-2022 06:00:18,category
202,tableJmtest3,22-3-2022 06:00:18,is_available
202,tableJmtest3,22-3-2022 06:00:18,price
202,tableJmtest3,22-3-2022 06:00:18,title
202,tableJmtest3,22-3-2022 06:00:18,vendor_id
202,tableJmtest5,22-3-2022 06:00:20,category
202,tableJmtest5,22-3-2022 06:00:20,is_available
202,tableJmtest5,22-3-2022 06:00:20,price
202,tableJmtest5,22-3-2022 06:00:20,product_name
202,tableJmtest5,22-3-2022 06:00:20,title
202,tableJmtest1,22-3-2022 06:01:11,category
202,tableJmtest1,22-3-2022 06:01:11,is_available
202,tableJmtest1,22-3-2022 06:01:11,price
202,tableJmtest1,22-3-2022 06:01:11,product_name
202,tableJmtest1,22-3-2022 06:01:11,vendor_id
202,tableJmtest2,22-3-2022 06:01:11,category
202,tableJmtest2,22-3-2022 06:01:11,is_available
202,tableJmtest2,22-3-2022 06:01:11,product_name
202,tableJmtest2,22-3-2022 06:01:11,title
202,tableJmtest2,22-3-2022 06:01:11,vendor_id
202,tableJmtest3,22-3-2022 06:01:12,category
202,tableJmtest3,22-3-2022 06:01:12,is_available
202,tableJmtest3,22-3-2022 06:01:12,price
202,tableJmtest3,22-3-2022 06:01:12,title
202,tableJmtest3,22-3-2022 06:01:12,vendor_id
202,tableJmtest4,22-3-2022 06:01:13,category
202,tableJmtest4,22-3-2022 06:01:13,is_available
202,tableJmtest4,22-3-2022 06:01:13,price
202,tableJmtest4,22-3-2022 06:01:13,product_name
202,tableJmtest4,22-3-2022 06:01:13,vendor_id
202,tableJmtest5,22-3-2022 06:01:14,category
202,tableJmtest5,22-3-2022 06:01:14,is_available
202,tableJmtest5,22-3-2022 06:01:14,price
202,tableJmtest5,22-3-2022 06:01:15,product_name
202,tableJmtest5,22-3-2022 06:01:15,title
202,tableJmtest1,22-3-2022 06:01:55,category
202,tableJmtest1,22-3-2022 06:01:55,is_available
202,tableJmtest1,22-3-2022 06:01:55,price
202,tableJmtest1,22-3-2022 06:01:55,product_name
202,tableJmtest1,22-3-2022 06:01:55,vendor_id
202,tableJmtest2,22-3-2022 06:01:56,category
202,tableJmtest2,22-3-2022 06:01:56,is_available
202,tableJmtest2,22-3-2022 06:01:56,product_name
202,tableJmtest2,22-3-2022 06:01:56,title
202,tableJmtest2,22-3-2022 06:01:56,vendor_id
202,tableJmtest3,22-3-2022 06:01:57,category
202,tableJmtest3,22-3-2022 06:01:57,is_available
202,tableJmtest3,22-3-2022 06:01:57,price
202,tableJmtest3,22-3-2022 06:01:57,title
202,tableJmtest3,22-3-2022 06:01:57,vendor_id
202,tableJmtest4,22-3-2022 06:01:58,category
202,tableJmtest4,22-3-2022 06:01:58,is_available
202,tableJmtest4,22-3-2022 06:01:58,price
202,tableJmtest4,22-3-2022 06:01:58,product_name
202,tableJmtest4,22-3-2022 06:01:58,vendor_id
202,tableJmtest5,22-3-2022 06:01:59,category
202,tableJmtest5,22-3-2022 06:01:59,is_available
202,tableJmtest5,22-3-2022 06:01:59,price
202,tableJmtest5,22-3-2022 06:01:59,product_name
202,tableJmtest5,22-3-2022 06:01:59,title
